ID,FirstName,LastName,Email,Phone#
1,Sophie,Miller,Sophine.M@gmail.com,(468) 629-6329
2,Emily,Smith,Emily.S@gmail.com,(721) 539-5512
3,Amelia,Brown,Amelia.B@gmail.com,(740) 891-1405
4,Jessica,Johnson,Jessica.J@gmail.com,(912) 534-3134
5,Chloe,Jones,Chloe.J@gmail.com,(618) 942-3278
6,Michael,Davis,Michael.D@gmail.com,(835) 443-3707
7,Stephen,William,Stephen.W@gmail.com,(698) 855-9134
8,Henry,Taylor,Henry.T@gmail.com,(487) 720-5960
9,James,Moore,James.M@gmail.com,(524) 907-2475
10,Mark,Blaese,Mark.B@gmail.com,(565) 380-2623
